USERID;AGENTID;CSESSION;PCTDELAY;CTALKING_I;CTALKING_O;CTALKING;PCTTALKING;CACW;PCTACW;CALLS_I;CALLS_O;CALLS;CONEXAVG_I;CONEXAVG_O;CONEXAVG;CWAITING;PCTWAITING;PCTABC;CDND;PCTDND;CDELAY;XFER;XFERED;THRCOUNT;CTHRTALKING;CHOLD;CCNSTIME;CNSNUM;CCNSEDTIME;CNSEDNUM;CCNSNOHTIME;CNSNOHNUM;ALOGIN;TOTLOGIN;NOANSWER;
137;MPARLAG;183:22:53;0.15;07:42:22;18:30:13;26:12:35;14.29;00:23:16;0.21;142;274;416;00:03:15;00:04:03;00:03:46;101:50:21;55.53;70.18;54:35:23;29.82;00:17:33;15;8;45;00:00:37;00:25:45;00:01:12;15;00:03:45;15;00:01:56;4;660173;18793106;6;
112;LMARTINEZ;177:57:55;0.06;03:22:42;14:57:41;18:20:23;10.3;00:13:53;0.13;35;378;413;00:05:47;00:02:22;00:02:39;46:24:06;26.07;36.56;112:52:01;63.44;00:06:48;3;7;37;00:01:01;00:18:54;00:00:12;3;00:00:44;8;00:04:34;11;640675;12826487;1;
165;AFERREYRA;141:28:21;0.12;04:36:54;13:46:46;18:23:40;13;00:09:49;0.11;85;309;394;00:03:15;00:02:40;00:02:48;114:49:08;81.15;94.38;07:54:02;5.62;00:10:56;5;7;19;00:00:16;00:00:33;00:00:21;5;00:00:46;11;00:02:02;2;509301;29539966;0;
143;AGAMEZ;167:53:50;0.09;05:44:14;12:42:39;18:26:53;10.98;00:23:07;0.22;69;263;332;00:04:59;00:02:53;00:03:20;85:34:39;50.97;62.26;63:18:19;37.74;00:09:08;6;16;21;00:00:33;00:00:46;00:00:25;6;00:01:44;18;00:00:00;0;604430;19960484;3;
115;MPISANI;156:22:59;0.18;07:51:36;09:53:43;17:45:19;11.35;00:07:25;0.07;133;189;322;00:03:32;00:03:08;00:03:18;101:07:52;64.66;76.26;36:55:11;23.74;00:17:09;23;26;36;00:00:40;00:23:17;00:02:35;23;00:10:03;30;00:01:22;2;562979;13845580;5;
87;SMARTINEZ;164:13:47;0.19;10:13:37;13:30:41;23:44:18;14.45;00:37:22;0.37;141;177;318;00:04:21;00:04:34;00:04:28;99:48:11;60.77;75.78;39:41:19;24.22;00:19:05;49;23;41;00:00:27;00:24:42;00:06:01;51;00:03:32;28;00:20:31;1;591227;8466989;16;
175;GSEMONI;170:28:00;0.09;04:29:16;10:53:30;15:22:46;9.02;00:36:31;0.35;49;247;296;00:05:29;00:02:38;00:03:07;57:45:28;33.88;43.34;96:32:58;56.66;00:09:54;12;5;12;00:00:14;00:43:04;00:00:56;13;00:00:23;6;00:00:27;1;613680;34488391;1;
179;JFONTAN;162:48:52;0.19;09:36:41;08:30:21;18:07:02;11.12;00:10:33;0.1;116;180;296;00:04:58;00:02:50;00:03:40;123:45:21;76.01;87.42;20:25:12;12.58;00:19:14;9;3;38;00:00:32;00:11:13;00:06:29;10;00:01:30;8;00:01:43;5;586132;36224775;3;
29;VGARRAMONE;200:39:21;0.02;00:03:09;28:22:51;28:26:00;14.17;00:08:11;0.06;0;267;267;00:00:00;00:06:22;00:06:23;00:32:45;0.27;14.52;171:29:15;85.48;00:02:59;0;1;16;00:00:46;00:00:00;00:00:00;0;00:00:11;1;00:00:00;0;722361;1286532;0;
192;IESTIVILL;66:58:55;0.04;00:03:09;04:14:05;04:17:14;6.4;00:02:29;0.06;1;238;239;00:03:09;00:01:04;00:01:04;01:34:13;2.34;8.84;61:03:20;91.16;00:01:39;0;0;14;00:00:24;00:01:33;00:00:00;0;00:00:00;0;00:03:33;4;241135;38829521;0;
114;MAMARTINS;126:41:54;0.07;01:04:51;13:37:10;14:42:01;11.6;00:06:38;0.08;10;226;236;00:06:29;00:03:36;00:03:44;24:00:25;18.94;30.69;87:45:58;69.31;00:05:45;2;10;15;00:00:30;00:01:19;00:00:10;2;00:01:07;10;00:00:00;0;456114;13282601;4;
90;MGONZALEZ;162:33:23;0.12;03:57:12;07:26:59;11:24:11;7.01;00:06:01;0.06;80;155;235;00:02:57;00:02:53;00:02:54;102:42:53;63.18;70.37;48:07:09;29.63;00:11:53;4;0;37;00:00:47;00:25:35;00:00:31;4;00:01:16;4;00:03:01;6;585203;9352044;6;
149;DHOBERT;148:32:54;0.08;02:32:18;11:17:37;13:49:55;9.31;00:12:40;0.14;48;185;233;00:03:10;00:03:39;00:03:33;45:08:03;30.38;39.91;89:13:00;60.09;00:07:08;10;8;27;00:00:24;00:11:44;00:02:12;13;00:02:08;12;00:22:36;5;534774;22280670;4;
153;AONORATI;143:44:46;0.07;01:59:13;09:32:46;11:31:59;8.02;00:03:45;0.04;30;194;224;00:03:58;00:02:57;00:03:05;47:51:52;33.29;41.42;84:09:10;58.58;00:06:12;6;9;16;00:00:15;00:01:43;00:00:54;6;00:01:48;12;00:00:47;2;517486;24321743;1;
147;MGUERRERO;152:07:55;0.14;04:30:11;05:04:22;09:34:33;6.29;00:11:16;0.12;86;130;216;00:03:08;00:02:20;00:02:39;98:17:20;64.6;71.15;43:45:34;28.85;00:13:18;5;2;33;00:00:46;00:33:39;00:00:32;5;00:05:54;6;00:17:35;3;547675;21745896;2;
106;MGANDARA;185:34:18;0.06;03:10:09;06:35:02;09:45:11;5.25;00:13:17;0.11;65;149;214;00:02:55;00:02:39;00:02:44;121:53:34;65.68;71.1;53:33:31;28.9;00:07:37;4;7;24;00:00:28;00:10:23;00:00:31;4;00:01:08;11;00:12:57;3;668058;11857336;2;
154;FGANDARA;178:54:38;0.08;04:04:15;07:49:27;11:53:42;6.64;00:26:13;0.24;62;144;206;00:03:56;00:03:15;00:03:27;121:01:08;67.64;74.6;45:22:37;25.4;00:08:48;1;10;12;00:00:13;00:00:09;00:00:08;1;00:02:10;11;00:00:24;1;644078;24965821;1;
135;MILOPEZ;154:55:41;0.07;04:08:21;07:53:19;12:01:40;7.76;00:10:41;0.11;36;167;203;00:06:53;00:02:50;00:03:33;86:31:50;55.85;63.79;56:02:24;36.21;00:06:38;7;11;13;00:00:17;00:19:46;00:00:51;6;00:02:28;14;00:00:00;0;557741;17694175;1;
177;ALUIZ;154:20:29;0.06;01:44:33;09:35:40;11:20:13;7.34;00:04:18;0.04;27;173;200;00:03:52;00:03:19;00:03:24;131:43:49;85.34;92.78;11:06:15;7.22;00:05:47;16;1;20;00:00:43;00:02:27;00:00:39;16;00:00:07;2;00:01:47;1;555629;35044020;4;
81;RGONCALVES;158:24:02;0.07;03:15:46;06:03:25;09:19:11;5.88;00:22:43;0.23;50;140;190;00:03:54;00:02:35;00:02:56;103:39:54;65.44;71.62;44:54:39;28.38;00:07:12;0;3;31;00:00:46;00:04:08;00:00:00;0;00:00:23;4;00:02:24;6;570242;7450575;5;
63;ADUENAS;179:12:45;0.09;03:36:04;05:48:23;09:24:27;5.24;00:16:38;0.15;65;117;182;00:03:19;00:02:58;00:03:06;67:36:57;37.72;43.2;101:42:18;56.8;00:09:48;3;9;15;00:00:16;00:43:56;00:00:37;4;00:02:37;13;00:00:00;0;645165;2925167;2;
188;JLOPEZ;127:40:48;0.11;04:26:48;04:13:57;08:40:45;6.79;00:08:10;0.1;45;125;170;00:05:55;00:02:01;00:03:03;42:04:28;32.95;39.95;76:38:03;60.05;00:08:45;9;4;20;00:00:23;00:01:18;00:00:29;9;00:00:37;6;00:00:33;3;459648;37757492;3;
169;NRUIZ;159:21:59;0.07;03:17:13;05:49:55;09:07:08;5.72;00:19:31;0.2;48;118;166;00:04:06;00:02:57;00:03:17;142:24:28;89.35;95.34;07:23:22;4.66;00:07:29;1;1;29;00:01:02;00:19:43;00:00:02;1;00:00:01;1;00:00:15;1;573719;31756497;6;
178;MDAFONSECA;165:10:23;0.2;06:02:05;01:49:17;07:51:22;4.75;00:07:38;0.07;113;46;159;00:03:12;00:02:22;00:02:57;130:20:31;78.91;83.93;26:30:16;16.07;00:20:33;12;1;24;00:00:20;00:10:37;00:00:45;12;00:00:03;1;00:00:00;0;594623;35638643;13;
54;VRUIZ;199:20:05;0.01;00:41:03;16:53:23;17:34:26;8.81;00:08:16;0.06;0;158;158;00:00:00;00:06:24;00:06:40;02:42:29;1.35;10.23;178:53:11;89.77;00:01:41;1;2;12;00:00:22;00:00:34;00:00:23;2;00:00:02;2;00:01:26;5;717605;2157810;0;
127;MDACOSTA;125:55:10;0.13;02:55:59;03:04:13;06:00:12;4.76;00:03:55;0.05;73;83;156;00:02:24;00:02:13;00:02:18;106:04:24;84.23;89.17;13:35:43;10.83;00:10:31;5;8;33;00:00:43;00:00:57;00:00:20;5;00:00:25;8;00:00:00;0;453310;16171808;5;
70;DQUIROGA;130:44:22;0.09;02:40:21;04:30:59;07:11:20;5.49;00:03:33;0.04;48;106;154;00:03:20;00:02:33;00:02:48;63:23:41;48.48;54.1;59:57:26;45.9;00:07:41;3;7;18;00:00:26;00:14:28;00:00:16;3;00:00:41;7;00:00:00;0;470662;5623884;4;
180;STEIXEIRA;155:58:49;0.2;04:36:28;00:23:26;04:59:54;3.2;00:05:44;0.06;113;35;148;00:02:26;00:00:40;00:02:01;140:23:36;90;93.46;10:10:14;6.54;00:19:04;8;1;37;00:00:39;00:00:54;00:00:24;8;00:00:17;2;00:00:00;0;561529;36786304;15;
173;AALVES;148:12:42;0.05;01:51:09;06:22:54;08:14:03;5.55;00:05:37;0.06;16;128;144;00:06:56;00:02:59;00:03:25;120:01:18;80.97;86.63;19:46:08;13.37;00:04:55;0;12;15;00:00:27;00:00:02;00:00:00;0;00:00:41;13;00:00:15;1;533562;33703839;1;
157;EPORTO;168:56:42;0.11;03:08:12;01:10:44;04:18:56;2.55;00:08:36;0.08;97;41;138;00:01:56;00:01:43;00:01:52;124:18:06;73.57;76.31;39:59:05;23.69;00:11:50;3;5;23;00:00:38;00:00:15;00:00:07;3;00:00:09;5;00:00:00;0;608202;26528262;5;
166;MSERKIN;154:23:11;0.21;11:00:38;04:08:01;15:08:39;9.8;00:03:41;0.03;90;46;136;00:07:20;00:05:23;00:06:40;117:43:29;76.25;86.29;21:03:29;13.71;00:19:53;0;27;23;00:00:11;00:00:00;00:00:00;0;00:04:00;29;00:00:00;0;555791;30095757;15;
88;AGODOY;83:17:32;0.25;03:54:40;00:51:00;04:45:40;5.71;00:01:33;0.03;96;27;123;00:02:26;00:01:53;00:02:19;52:56:10;63.55;69.54;25:21:04;30.46;00:12:57;28;3;20;00:00:02;00:13:16;00:08:22;29;00:00:08;3;00:25:14;3;299852;8766841;4;
161;RCHARRIER;160:25:01;0.1;04:52:23;01:25:30;06:17:53;3.92;00:05:55;0.06;80;41;121;00:03:39;00:02:05;00:03:07;128:25:06;80.05;84.13;25:24:28;15.87;00:10:28;7;7;17;00:00:13;00:01:10;00:00:24;7;00:01:11;8;00:00:44;3;577501;28528297;2;
145;LFERNANDES;165:18:44;0.16;06:09:23;00:21:37;06:31:00;3.94;00:10:24;0.1;92;20;112;00:04:00;00:01:04;00:03:29;106:58:47;64.71;68.91;51:21:42;31.09;00:16:20;11;2;30;00:00:07;00:01:25;00:00:30;11;00:00:31;5;00:00:33;3;595124;21198221;10;
167;MLOTZ;143:28:28;0.18;07:03:33;01:41:11;08:44:44;6.09;00:01:04;0.01;81;20;101;00:05:13;00:05:03;00:05:11;108:55:34;75.92;82.2;25:29:35;17.8;00:15:44;3;7;12;00:00:06;00:00:28;00:00:16;3;00:01:47;9;00:00:00;0;516508;30612265;5;
142;ICORDEIRO;127:31:24;0.09;02:22:06;02:44:31;05:06:37;4;00:03:26;0.04;39;54;93;00:03:38;00:03:02;00:03:17;103:18:56;81.01;85.14;18:55:02;14.86;00:07:00;6;4;17;00:00:21;00:00:41;00:00:15;6;00:00:23;6;00:01:18;2;459084;19356054;1;
152;CIBARRA;118:41:31;0.09;02:35:31;03:43:17;06:18:48;5.31;00:23:01;0.32;41;48;89;00:03:47;00:04:39;00:04:15;90:03:01;75.86;81.58;21:49:44;18.42;00:06:31;9;3;9;00:00:07;00:02:07;00:00:12;9;00:00:26;5;00:00:00;0;427291;23804257;1;
110;LCOSTA;81:01:26;0.17;00:37:22;00:43:24;01:20:46;1.66;00:02:22;0.04;52;35;87;00:00:43;00:01:14;00:00:55;33:47:27;41.7;43.57;45:41:56;56.43;00:08:45;4;2;55;00:01:16;00:00:23;00:00:07;4;00:00:10;2;00:00:00;0;291686;12149022;9;
151;TMEDEIROS;154:48:42;0.12;03:27:02;00:45:05;04:12:07;2.71;00:05:01;0.05;48;37;85;00:04:18;00:01:13;00:02:57;107:55:18;69.71;72.59;42:24:02;27.41;00:11:10;3;7;15;00:00:19;00:00:20;00:00:05;3;00:01:04;9;00:00:26;1;557322;23376966;2;
144;SSOUSA;178:30:13;0.15;04:11:48;00:22:40;04:34:28;2.56;00:07:57;0.07;64;18;82;00:03:56;00:01:15;00:03:20;139:01:17;77.88;80.66;34:28:35;19.34;00:16:04;5;5;23;00:00:05;00:07:39;00:00:16;5;00:01:52;12;00:02:29;4;642613;20603097;3;
93;MAVOLIO;51:44:27;0.04;00:33:04;02:36:40;03:09:44;6.11;00:01:16;0.04;3;71;74;00:11:01;00:02:12;00:02:33;08:23:53;16.23;22.42;40:07:53;77.58;00:01:16;0;5;6;00:00:05;00:00:10;00:00:00;0;00:00:25;5;00:02:02;2;186267;9538311;1;
131;GDAMATA;118:09:35;0.03;00:40:42;03:29:06;04:09:48;3.52;00:05:18;0.07;9;64;73;00:04:31;00:03:16;00:03:25;14:34:45;12.33;15.95;99:16:24;84.05;00:02:28;0;6;13;00:00:20;00:00:00;00:00:00;0;00:00:52;8;00:00:54;1;425375;17136434;1;
126;LLARRIEL;156:02:22;0.03;00:44:17;02:00:41;02:44:58;1.76;00:03:34;0.03;23;49;72;00:01:55;00:02:27;00:02:17;53:51:31;34.51;36.33;99:18:58;63.67;00:03:09;6;2;9;00:00:18;00:02:36;00:00:10;6;00:00:12;3;00:00:00;0;561742;15718498;0;
69;IVILLAGRA;518:39:29;0;00:19:50;03:23:09;03:42:59;0.71;00:12:29;0.04;0;69;69;00:00:00;00:02:56;00:03:13;67:59:48;13.11;13.86;446:41:28;86.14;00:01:39;0;4;18;00:00:37;00:00:16;00:00:00;0;00:01:06;7;00:00:00;0;1867169;5153222;3;
186;KGIL;105:45:13;0.06;01:01:29;02:02:52;03:04:21;2.9;00:05:04;0.07;18;46;64;00:03:24;00:02:40;00:02:52;62:01:29;58.65;61.68;40:30:15;38.32;00:03:56;0;0;6;00:00:07;00:00:02;00:00:00;0;00:00:08;1;00:00:00;0;380713;37167017;1;
129;MDASILVA;148:12:29;0.09;03:40:37;00:19:30;04:00:07;2.7;00:01:18;0.01;51;13;64;00:04:19;00:01:30;00:03:45;110:59:13;74.88;77.68;33:02:50;22.32;00:08:47;3;1;10;00:00:16;00:00:32;00:00:14;3;00:00:14;2;00:00:00;0;533549;16705357;2;
162;DMARQUES;139:32:48;0.07;02:37:31;01:19:16;03:56:47;2.82;00:02:03;0.02;33;31;64;00:04:46;00:02:33;00:03:41;93:36:26;67.07;69.98;41:50:28;30.02;00:06:05;3;12;8;00:00:03;00:00:19;00:00:09;3;00:00:59;14;00:00:49;3;502368;29030665;2;
168;ACARPI;158:28:33;0.04;02:46:46;00:22:01;03:08:47;1.98;00:01:17;0.01;44;17;61;00:03:47;00:01:17;00:03:05;102:01:13;64.37;66.4;53:05:00;33.6;00:03:49;8;1;25;00:00:15;00:21:41;00:00:47;9;00:08:27;17;00:08:12;3;570513;31182778;0;
170;RURIBE;144:49:52;0.07;02:30:27;01:46:15;04:16:42;2.95;00:09:31;0.1;32;26;58;00:04:42;00:04:05;00:04:25;125:33:06;86.68;89.8;14:43:48;10.2;00:06:18;5;4;6;00:00:01;00:00:30;00:00:09;5;00:00:27;4;00:00:00;0;521392;32277889;2;
121;JRIVERA;106:11:40;0.07;03:29:26;01:13:38;04:43:04;4.44;00:01:34;0.02;33;21;54;00:06:20;00:03:30;00:05:14;39:53:27;37.56;42.09;61:28:27;57.91;00:04:37;1;2;5;00:00:03;00:00:08;00:00:01;1;00:00:31;3;00:00:00;0;382300;14235552;2;
189;GROSILLO;96:44:05;0.05;00:24:56;02:02:36;02:27:32;2.54;00:06:06;0.1;8;46;54;00:03:07;00:02:39;00:02:43;16:54:48;17.48;20.17;77:12:17;79.83;00:03:00;2;1;8;00:00:07;00:01:39;00:00:14;2;00:00:22;2;00:00:00;0;348245;38105737;3;
100;ELOBOS;43:29:25;0.04;00:38:34;02:02:44;02:41:18;6.18;00:02:12;0.08;7;45;52;00:05:30;00:02:43;00:03:06;27:38:32;63.55;69.85;13:06:04;30.15;00:01:08;1;1;10;00:00:12;00:01:49;00:00:02;1;00:00:11;2;00:02:14;5;156565;10722061;1;
105;LVIVAS;129:46:57;0.07;01:41:48;00:36:11;02:17:59;1.77;00:04:38;0.05;31;19;50;00:03:17;00:01:54;00:02:45;90:22:16;69.63;71.52;36:56:19;28.48;00:05:33;3;3;7;00:00:06;00:00:53;00:00:27;4;00:00:12;4;00:00:00;0;467217;11189278;2;
71;AGARAVENTA;88:33:47;0.14;00:54:29;00:14:32;01:09:01;1.29;00:01:55;0.03;37;13;50;00:01:28;00:01:07;00:01:22;44:33:21;50.3;51.76;42:41:36;48.24;00:07:54;10;0;18;00:00:09;00:09:01;00:00:26;10;00:00:00;0;00:00:31;3;318827;5942711;11;
51;GFERREIRA;37:17:48;0.09;00:44:55;00:53:44;01:38:39;4.4;00:02:38;0.11;22;27;49;00:02:02;00:01:59;00:02:00;29:02:06;77.84;82.44;06:32:06;17.56;00:02:09;0;2;9;00:00:06;00:05:19;00:00:00;0;00:00:10;3;00:00:31;4;134268;1440205;0;
171;FRODRIGUES;128:35:08;0.05;01:36:30;00:18:06;01:54:36;1.48;00:00:51;0.01;33;16;49;00:02:55;00:01:07;00:02:20;116:20:18;90.47;92.01;10:14:53;7.99;00:04:24;6;0;8;00:00:10;00:00:55;00:00:32;7;00:00:06;1;00:00:00;0;462908;32740797;1;
67;IMARTINO;67:45:35;0.02;00:33:31;01:54:07;02:27:38;3.63;00:01:12;0.02;6;40;46;00:05:35;00:02:51;00:03:12;04:18:05;6.34;10.01;60:57:22;89.99;00:01:00;1;3;4;00:00:08;00:16:19;00:00:08;1;00:00:18;3;00:00:00;0;243935;3286053;0;
79;RFONTAN;91:46:26;0;00:05:16;04:24:14;04:29:30;4.89;00:01:46;0.03;1;44;45;00:05:16;00:06:00;00:05:59;00:27:10;0.49;5.41;86:47:28;94.59;00:00:24;1;1;3;00:00:07;00:03:38;00:00:22;1;00:00:08;1;00:00:00;0;330386;6880333;1;
158;GDESANTANA;132:05:03;0.09;02:17:19;00:10:49;02:28:08;1.86;00:00:17;0;43;2;45;00:03:11;00:05:24;00:03:17;119:30:05;90.47;92.42;09:59:07;7.58;00:07:26;3;0;7;00:00:03;00:00:38;00:00:26;3;00:00:00;0;00:00:10;1;475503;27003765;4;
150;NSTARK;149:42:54;0;00:29:34;01:49:36;02:19:10;1.54;00:01:30;0.01;0;44;44;00:00:00;00:02:29;00:03:09;13:04:28;8.73;10.28;134:16:34;89.72;00:00:52;0;5;3;00:00:09;00:00:00;00:00:00;0;00:00:20;5;00:00:00;0;538974;22819644;0;
125;RSILVA;121:24:15;0.02;01:25:18;01:03:59;02:29:17;2.04;00:03:58;0.05;7;37;44;00:12:11;00:01:43;00:03:23;71:28:19;58.87;60.98;47:20:20;39.02;00:01:55;0;7;8;00:00:09;00:00:00;00:00:00;0;00:00:26;7;00:00:20;1;437055;15156756;2;
124;BPEREZ;134:29:09;0;00:01:56;01:35:11;01:37:07;1.2;00:03:48;0.04;0;41;41;00:00:00;00:02:19;00:02:22;02:09:22;1.6;2.84;130:38:14;97.16;00:00:26;0;1;3;00:00:10;00:00:00;00:00:00;0;00:00:12;1;00:00:00;0;484149;14719701;0;
159;EDASILVA;125:00:18;0.06;01:33:09;00:32:32;02:05:41;1.67;00:03:01;0.04;24;17;41;00:03:52;00:01:54;00:03:03;92:13:53;73.78;75.55;30:32:41;24.45;00:04:34;0;3;9;00:00:05;00:00:06;00:00:00;0;00:00:28;4;00:00:00;0;450018;27453783;4;
98;NMARTINO;169:45:38;0.02;00:39:40;01:04:03;01:43:43;1.01;00:00:52;0;17;23;40;00:02:20;00:02:47;00:02:35;20:47:22;12.24;13.27;147:10:33;86.73;00:03:01;1;3;9;00:00:09;00:00:06;00:00:03;1;00:00:07;3;00:00:33;3;611138;10565496;3;
155;AGONCALVES;124:55:59;0.07;01:40:45;00:03:19;01:44:04;1.38;00:01:11;0.01;32;4;36;00:03:08;00:00:49;00:02:53;106:30:24;85.25;86.71;16:34:38;13.29;00:05:30;2;1;6;00:00:06;00:00:20;00:00:07;2;00:00:12;2;00:00:14;1;449759;25415580;0;
136;ECUNHA;121:52:38;0.06;01:24:53;00:15:42;01:40:35;1.37;00:02:10;0.02;30;6;36;00:02:49;00:02:37;00:02:47;106:09:21;87.1;88.55;13:55:47;11.45;00:04:45;0;0;13;00:00:12;00:03:16;00:00:00;0;00:00:00;0;00:00:00;0;438758;18132933;5;
156;RSANTOS;140:08:00;0.09;02:03:11;00:01:42;02:04:53;1.48;00:05:26;0.06;27;6;33;00:04:33;00:00:17;00:03:47;127:47:20;91.19;92.82;10:02:23;7.18;00:07:46;5;0;16;00:00:00;00:00:44;00:00:26;5;00:00:12;1;00:00:00;0;504480;25920060;12;
84;MFARIA;108:51:33;0.04;00:18:18;00:59:24;01:17:42;1.18;00:01:18;0.01;8;21;29;00:02:17;00:02:49;00:02:40;51:59:18;47.75;48.98;55:30:30;51.02;00:02:40;1;1;9;00:00:02;00:00:09;00:00:03;1;00:00:05;1;00:00:42;2;391893;7842468;6;
160;ARAMOS;138:03:33;0.04;01:27:54;00:29:47;01:57:41;1.42;00:01:36;0.01;14;13;27;00:06:16;00:02:17;00:04:21;128:35:32;93.14;94.61;07:24:26;5.39;00:03:46;1;4;10;00:00:11;00:00:08;00:00:02;1;00:00:32;7;00:00:24;1;497013;27950796;2;
22;EOROPEZA;121:55:35;0;00:00:00;00:43:20;00:43:20;0.59;00:01:12;0.01;0;26;26;00:00:00;00:01:40;00:01:40;00:06:13;0.08;0.68;121:04:33;99.32;00:00:17;0;0;3;00:00:09;00:00:00;00:00:00;0;00:00:00;0;00:00:00;0;438935;561432;0;
72;FGONZALEZ;166:34:14;0;00:20:21;00:47:53;01:08:14;0.68;00:00:26;0;0;23;23;00:00:00;00:02:04;00:02:58;88:42:32;53.25;53.93;76:41:40;46.07;00:00:46;0;6;2;00:00:03;00:00:00;00:00:00;0;00:00:36;6;00:00:00;0;599654;6542365;0;
191;TDASILVA;106:13:11;0.03;00:24:07;00:21:45;00:45:52;0.71;00:01:54;0.02;9;10;19;00:02:40;00:02:10;00:02:24;50:14:11;47.29;48.05;55:09:05;51.95;00:02:09;2;0;1;00:00:00;00:00:28;00:00:12;2;00:00:00;0;00:00:00;0;382391;38588386;1;
94;PRENGEL;115:34:07;0;00:13:46;01:02:58;01:16:44;1.1;00:00:50;0.01;1;16;17;00:13:46;00:03:56;00:04:30;01:11:31;1.03;2.14;113:04:33;97.86;00:00:22;0;2;6;00:00:00;00:00:01;00:00:00;0;00:00:07;2;00:01:28;5;416047;9954358;1;
140;KMENDES;28:51:04;0.05;00:02:43;00:38:20;00:41:03;2.37;00:00:05;0;1;16;17;00:02:43;00:02:23;00:02:24;02:14:11;7.75;10.17;25:54:53;89.83;00:00:52;0;0;5;00:00:03;00:00:00;00:00:00;0;00:00:00;0;00:00:19;1;103864;18896970;2;
172;DDOSANTOS;119:18:00;0.06;01:45:35;00:00:10;01:45:45;1.47;00:00:16;0;16;1;17;00:06:35;00:00:10;00:06:13;106:53:26;89.59;91.12;10:33:48;8.88;00:04:35;1;6;5;00:00:00;00:04:24;00:00:05;2;00:00:10;6;00:00:00;0;429480;33170277;3;
62;MLOPEZ;33:56:32;0.02;00:03:12;02:08:16;02:11:28;6.45;00:00:43;0.03;0;16;16;00:00:00;00:08:01;00:08:13;00:20:19;0.99;7.49;31:23:33;92.51;00:00:27;0;1;1;00:00:00;00:00:00;00:00:00;0;00:00:02;1;00:00:00;0;122192;2280002;1;
130;MGATTI;01:35:02;0.15;00:00:00;00:06:29;00:06:29;6.82;00:00:03;0.05;0;13;13;00:00:00;00:00:29;00:00:29;01:10:15;73.92;80.94;00:18:06;19.06;00:00:09;0;0;0;00:00:00;00:00:00;00:00:00;0;00:00:00;0;00:00:00;0;5702;16711059;0;
187;DALVES;36:20:27;0.19;00:59:24;00:00:00;00:59:24;2.72;00:00:27;0.02;13;0;13;00:04:34;00:00:00;00:04:34;23:23:54;64.38;67.31;11:52:18;32.69;00:04:14;1;0;8;00:00:00;00:00:24;00:00:22;1;00:00:10;1;00:00:00;0;130827;37297844;4;
15;MROMERSTEI;33:51:52;0.09;00:24:38;00:09:09;00:33:47;1.66;00:01:43;0.08;9;3;12;00:02:44;00:03:03;00:02:48;31:03:03;91.69;93.52;02:11:26;6.48;00:01:53;0;0;1;00:00:00;00:00:01;00:00:00;0;00:00:00;0;00:00:00;0;121912;122497;1;
174;AFLANAGAN;47:27:52;0.08;00:23:33;00:07:37;00:31:10;1.09;00:00:59;0.03;7;5;12;00:03:21;00:01:31;00:02:35;23:47:36;50.12;51.32;23:05:38;48.68;00:02:23;1;0;4;00:00:00;00:02:34;00:00:08;1;00:00:06;1;00:00:00;0;170872;33874711;2;
25;TST;00:45:39;0.4;00:00:39;00:02:13;00:02:52;6.27;00:00:00;0;2;5;7;00:00:19;00:00:26;00:00:24;00:08:07;17.78;24.45;00:34:29;75.55;00:00:11;0;0;0;00:00:00;00:00:00;00:00:00;0;00:00:00;0;00:00:00;0;2739;564171;0;
190;AMARTINEZ;27:50:58;0;00:00:00;00:16:58;00:16:58;1.01;00:00:21;0.02;0;6;6;00:00:00;00:02:49;00:02:49;00:05:43;0.34;1.37;27:27:54;98.63;00:00:02;0;0;0;00:00:00;00:00:00;00:00:00;0;00:00:00;0;00:00:00;0;100258;38205995;0;
76;FBAZ;02:06:22;0.52;00:29:17;00:00:00;00:29:17;23.17;00:00:23;0.3;5;0;5;00:05:51;00:00:00;00:05:51;01:31:04;72.06;96.05;00:04:58;3.95;00:00:40;0;0;0;00:00:00;00:01:23;00:00:00;0;00:00:00;0;00:00:00;0;7582;6549947;0;
2;A01;00:09:45;0;00:00:00;00:00:28;00:00:28;4.78;00:00:00;0;0;4;4;00:00:00;00:00:07;00:00:07;00:07:01;71.96;76.74;00:02:16;23.26;00:00:00;0;0;1;00:00:04;00:00:00;00:00:00;0;00:00:00;0;00:00:00;0;585;585;0;
65;CDSANTOS;32:29:11;0;00:00:00;00:34:19;00:34:19;1.76;00:00:01;0;0;4;4;00:00:00;00:08:34;00:08:34;00:03:23;0.17;1.93;31:51:26;98.07;00:00:02;0;0;0;00:00:00;00:00:00;00:00:00;0;00:00:00;0;00:00:00;0;116951;3042118;0;
86;MSCARSO;09:14:54;0;00:00:00;00:30:40;00:30:40;5.52;00:00:20;0.06;0;4;4;00:00:00;00:07:40;00:07:40;00:01:08;0.2;5.78;08:42:43;94.22;00:00:03;0;0;0;00:00:00;00:00:00;00:00:00;0;00:00:00;0;00:00:00;0;33294;7875762;0;
36;MVAGENT;03:24:12;0.01;00:00:00;00:01:58;00:01:58;0.96;00:00:00;0;0;3;3;00:00:00;00:00:39;00:00:39;00:00:39;0.31;1.28;03:21:33;98.72;00:00:02;0;0;0;00:00:00;00:00:00;00:00:00;0;00:00:00;0;00:00:00;0;12252;1298784;0;
40;ADECASTRO;01:59:13;0;00:00:00;00:05:01;00:05:01;4.2;00:00:24;0.33;0;3;3;00:00:00;00:01:40;00:01:40;00:00:44;0.61;5.14;01:53:04;94.86;00:00:00;0;0;0;00:00:00;00:00:00;00:00:00;0;00:00:00;0;00:00:00;0;7153;1305937;0;
116;ECALLEJAS;02:07:52;0.01;00:00:00;00:14:05;00:14:05;11.01;00:00:02;0.02;0;2;2;00:00:00;00:07:02;00:07:02;00:10:07;7.91;18.95;01:43:37;81.05;00:00:01;0;0;0;00:00:00;00:00:00;00:00:00;0;00:00:00;0;00:00:00;0;7672;13853252;0;
111;LRENDE;10:13:10;0.07;00:11:38;00:00:00;00:11:38;1.89;00:00:00;0;0;0;0;00:00:00;00:00:00;00:00:00;00:16:10;2.63;4.59;09:44:27;95.41;00:00:29;0;3;1;00:00:00;00:00:00;00:00:00;0;00:00:26;3;00:00:00;0;36790;12185812;1;

